driver_id,first_name,last_name,gender,date_of_birth,email,phone_number,start_date,end_date,license_number,license_issue_date,license_expiry_date,license_issued_state
EMP001,Lissa,Dibben,F,9/22/86,ldibben0@sina.com.cn,675-949-7506,10/6/04,10/6/14,CN595582,10/6/04,1/24/27,Oregon
EMP002,Kory,Filpo,M,9/18/83,kfilpo1@fema.gov,200-130-2322,9/24/09,9/24/19,CN261292,9/24/09,2/17/29,Oregon
EMP003,Rubetta,Mettricke,F,8/20/95,rmettricke2@yale.edu,336-257-0082,9/2/22,9/2/32,CN367364,9/2/22,1/22/28,Oregon
EMP004,Ludwig,McNay,M,2/16/78,lmcnay3@baidu.com,441-744-0612,2/28/97,2/28/07,CA62044,2/28/97,10/28/27,Oregon
EMP005,Tabor,Yakobovitz,M,9/10/91,tyakobovitz4@cafepress.com,488-962-1621,9/23/15,9/23/25,SD639195,9/23/15,7/8/24,Oregon
EMP006,Iain,Bendle,M,3/15/93,ibendle5@nytimes.com,390-651-5025,3/26/20,3/26/30,BR301865,3/26/20,9/10/28,Oregon
EMP007,Von,Ravenshaw,M,1/10/84,vravenshaw6@nba.com,436-208-3937,1/26/02,1/26/12,PL494493,1/26/02,9/2/29,Oregon
EMP008,Gabby,Swancott,M,8/29/84,gswancott7@reuters.com,318-600-3424,9/13/11,9/13/21,ID823246,9/13/11,5/9/28,Oregon
EMP009,Neile,Guidi,F,3/3/92,nguidi8@nationalgeographic.com,157-220-6059,3/10/20,3/10/30,CN398228,3/10/20,6/3/25,Oregon
EMP010,Townie,Greeveson,M,3/7/93,tgreeveson9@alexa.com,734-990-4712,3/18/20,3/18/30,PH252519,3/18/20,5/5/26,Oregon
EMP011,Burke,Rich,M,12/1/83,bricha@wikispaces.com,898-537-3761,12/5/11,12/5/21,CN777526,12/5/11,8/3/24,Oregon
EMP012,Nonna,Woods,F,1/24/73,nwoodsb@ftc.gov,510-587-5931,2/13/99,2/13/09,ID507651,2/13/99,6/6/28,Oregon
EMP013,Kinnie,Ploughwright,M,8/17/78,kploughwrightc@hibu.com,598-600-2692,8/25/01,8/25/11,RU87350,8/25/01,10/1/26,Oregon
EMP014,Kalindi,Pobjoy,F,12/13/79,kpobjoyd@berkeley.edu,663-823-9418,12/28/06,12/28/16,BG750840,12/28/06,1/22/26,Oregon
EMP015,Nathanil,Fishly,M,7/9/90,nfishlye@bing.com,911-764-3458,7/20/13,7/20/23,PE511874,7/20/13,12/23/25,Oregon
EMP016,Iolande,Moodycliffe,F,10/1/91,imoodycliffef@imdb.com,730-451-7330,10/11/15,10/11/25,JP916426,10/11/15,2/2/28,Oregon
EMP017,Zebadiah,Cornner,M,5/24/78,zcornnerg@time.com,550-977-8343,6/6/99,6/6/09,TZ722252,6/6/99,9/1/28,Oregon
EMP018,Tandi,Dailly,F,7/3/80,tdaillyh@independent.co.uk,769-851-0571,7/22/07,7/22/17,MT131488,7/22/07,9/19/27,Oregon
EMP019,Hilliary,Costock,F,5/5/94,hcostocki@stanford.edu,455-800-7757,5/25/13,5/25/23,ID892491,5/25/13,9/24/24,Oregon
EMP020,Tiffie,Garard,F,8/18/85,tgarardj@reuters.com,188-496-2973,8/27/05,8/27/15,CN119961,8/27/05,10/19/25,Oregon
EMP021,Jemmy,Burdikin,F,5/4/83,jburdikink@reuters.com,589-179-2081,5/11/10,5/11/20,BD77344,5/11/10,2/27/26,Oregon
EMP022,Gale,Palk,F,8/28/75,gpalkl@amazon.co.jp,530-807-3242,9/1/96,9/1/06,PL458792,9/1/96,8/9/25,Oregon
EMP023,Ryun,Halfhide,M,12/23/75,rhalfhidem@google.ca,727-351-9600,1/5/98,1/5/08,ID796345,1/5/98,5/3/28,Oregon
EMP024,Milena,Clotworthy,F,4/21/83,mclotworthyn@dedecms.com,959-858-4230,5/5/03,5/5/13,CN158390,5/5/03,3/11/27,Oregon
EMP025,Tabby,McIlvenny,F,2/29/96,tmcilvennyo@furl.net,864-989-4851,3/18/15,3/18/25,MX91687,3/18/15,1/14/27,Oregon
EMP026,Samson,Mazillius,M,4/28/87,smazilliusp@pinterest.com,495-376-4484,5/1/06,5/1/16,AF950739,5/1/06,3/31/27,Oregon
EMP027,Michael,Sirette,M,3/7/75,msiretteq@lycos.com,812-789-3950,3/16/97,3/16/07,ID771062,3/16/97,10/3/28,Oregon
EMP028,Krishnah,Clawson,M,1/14/96,kclawsonr@xing.com,329-796-4601,1/20/26,1/20/36,AR932907,1/20/26,6/1/25,Oregon
EMP029,Adham,Ruppertz,M,10/30/88,aruppertzs@ow.ly,125-908-5768,11/17/13,11/17/23,PL688331,11/17/13,3/24/26,Oregon
EMP030,Burtie,Seyfart,M,2/5/86,bseyfartt@ft.com,385-566-0911,2/12/04,2/12/14,SE224980,2/12/04,11/1/26,Oregon
EMP031,Opaline,Bryden,F,6/29/80,obrydenu@cmu.edu,814-839-7511,7/14/10,7/14/20,SE236342,7/14/10,10/6/27,Oregon
EMP032,Kahlil,Rude,M,12/1/82,krudev@washingtonpost.com,652-581-5899,12/18/08,12/18/18,LT48838,12/18/08,7/18/24,Oregon
EMP033,Consuelo,Ivasyushkin,F,6/13/84,civasyushkinw@github.com,261-770-4235,6/20/09,6/20/19,PE756714,6/20/09,7/20/28,Oregon
EMP034,Stephan,Durtnell,M,12/17/82,sdurtnellx@instagram.com,816-602-9310,12/26/10,12/26/20,SE748241,12/26/10,4/1/27,Oregon
EMP035,Catrina,Conley,F,4/14/78,cconleyy@hhs.gov,344-840-1661,4/21/06,4/21/16,AR325745,4/21/06,11/28/29,Oregon
EMP036,Benjy,Goodredge,M,4/9/96,bgoodredgez@com.com,821-362-3808,4/24/21,4/24/31,CN323866,4/24/21,6/10/28,Oregon
EMP037,Valentina,McCready,F,1/9/76,vmccready10@mac.com,777-401-6538,1/29/05,1/29/15,CN879134,1/29/05,5/20/25,Oregon
EMP038,Rosemary,Ambrodi,F,9/10/91,rambrodi11@wordpress.org,610-582-6208,9/28/12,9/28/22,ID943405,9/28/12,6/26/28,Oregon
EMP039,Maxie,Hannaford,M,9/18/87,mhannaford12@china.com.cn,564-816-8916,9/28/08,9/28/18,CZ739909,9/28/08,8/16/28,Oregon
EMP040,Bette-ann,Huton,F,10/15/94,bhuton13@twitpic.com,311-237-6952,10/17/22,10/17/32,CN958455,10/17/22,2/2/25,Oregon
EMP041,Bryna,Shakspeare,F,10/28/94,bshakspeare14@twitpic.com,231-507-1474,11/9/14,11/9/24,BR126002,11/9/14,9/28/27,Oregon
EMP042,Gordy,Northrop,M,1/3/87,gnorthrop15@exblog.jp,891-543-8131,1/10/15,1/10/25,PT326067,1/10/15,12/8/27,Oregon
EMP043,Dorothea,Molesworth,F,6/19/85,dmolesworth16@typepad.com,461-452-9143,6/30/12,6/30/22,JP302687,6/30/12,3/23/26,Oregon
EMP044,Cyrill,Berka,M,1/29/77,cberka17@noaa.gov,883-281-3098,2/10/03,2/10/13,SY902463,2/10/03,8/22/25,Oregon
EMP045,Jozef,Blaiklock,M,7/9/80,jblaiklock18@ca.gov,714-387-9007,7/14/01,7/14/11,FR742884,7/14/01,9/17/28,Oregon
EMP046,Lavinie,McGeachy,F,11/1/91,lmcgeachy19@php.net,359-218-8135,11/8/21,11/8/31,KZ164454,11/8/21,9/14/27,Oregon
EMP047,Elisha,Westover,M,2/27/89,ewestover1a@prweb.com,392-686-6007,3/13/16,3/13/26,GR927633,3/13/16,8/21/29,Oregon
EMP048,Davidson,Luckhurst,M,5/30/97,dluckhurst1b@utexas.edu,730-784-4164,6/5/24,6/5/34,VN311405,6/5/24,9/25/29,Oregon
EMP049,Worth,Ricciardo,M,8/15/84,wricciardo1c@cocolog-nifty.com,847-298-2947,8/31/04,8/31/14,LV592259,8/31/04,1/31/27,Oregon
EMP050,Barde,Gouldie,M,10/30/87,bgouldie1d@sciencedirect.com,181-700-5650,11/1/13,11/1/23,ID661735,11/1/13,11/17/25,Oregon
EMP051,Antonia,Brumwell,F,9/26/90,abrumwell1e@shop-pro.jp,378-847-2383,10/15/10,10/15/20,CN504881,10/15/10,6/13/26,Oregon
EMP052,Renado,Willbond,M,4/25/81,rwillbond1f@home.pl,177-213-0906,4/28/99,4/28/09,PH566253,4/28/99,9/7/25,Oregon
EMP053,Flori,Mumbray,F,7/18/79,fmumbray1g@oaic.gov.au,371-353-3196,7/31/03,7/31/13,ID747990,7/31/03,3/30/25,Oregon
EMP054,Ruggiero,Peace,M,9/19/78,rpeace1h@shop-pro.jp,231-769-4317,10/6/05,10/6/15,KR967405,10/6/05,7/2/27,Oregon
EMP055,Ursulina,Lowey,F,7/8/96,ulowey1i@nature.com,202-417-6756,7/14/25,7/14/35,PK894170,7/14/25,10/1/26,Oregon
EMP056,Hendrick,Hadfield,M,11/7/77,hhadfield1j@geocities.com,553-166-3164,11/18/04,11/18/14,GM713646,11/18/04,5/30/28,Oregon
EMP057,Zsa zsa,Kitchener,F,8/22/83,zkitchener1k@blogtalkradio.com,941-993-2532,8/29/11,8/29/21,JP266995,8/29/11,9/1/27,Oregon
EMP058,Gaby,Nare,M,11/4/93,gnare1l@wiley.com,810-680-1096,11/22/20,11/22/30,ID184990,11/22/20,7/24/26,Oregon
EMP059,Kayla,Chrishop,F,6/26/88,kchrishop1m@sakura.ne.jp,875-242-3937,7/6/17,7/6/27,CN190696,7/6/17,12/19/26,Oregon
EMP060,Lorraine,Malbon,F,10/18/88,lmalbon1n@ucoz.ru,831-721-8628,10/19/12,10/19/22,PH681010,10/19/12,12/1/27,Oregon
EMP061,Chrissie,Croydon,F,2/3/83,ccroydon1o@pbs.org,274-351-4471,2/21/06,2/21/16,CO923569,2/21/06,10/5/25,Oregon
EMP062,Adrien,Blakemore,M,8/9/77,ablakemore1p@discovery.com,350-742-1808,8/11/05,8/11/15,BI229409,8/11/05,12/16/25,Oregon
EMP063,Roddie,Stubbings,M,5/12/75,rstubbings1q@artisteer.com,421-149-6403,5/25/99,5/25/09,IR973788,5/25/99,5/12/28,Oregon
EMP064,Kylen,Coal,F,7/12/96,kcoal1r@ifeng.com,521-828-5728,7/14/16,7/14/26,PE473389,7/14/16,11/24/26,Oregon
EMP065,Tadd,Boon,M,9/12/76,tboon1s@vinaora.com,464-250-2368,9/19/99,9/19/09,DK531629,9/19/99,7/16/24,Oregon
EMP066,Patti,Frewer,F,3/1/81,pfrewer1t@merriam-webster.com,359-172-5934,3/9/99,3/9/09,ID837692,3/9/99,5/26/29,Oregon
EMP067,Buddie,Stenning,M,3/25/84,bstenning1u@epa.gov,156-357-1249,3/30/05,3/30/15,TN538179,3/30/05,12/17/26,Oregon
EMP068,Curcio,Vannet,M,8/17/84,cvannet1v@samsung.com,921-582-9187,9/3/08,9/3/18,NG628953,9/3/08,11/16/25,Oregon
EMP069,Kirby,Hains,F,9/29/82,khains1w@ibm.com,248-612-9842,10/17/01,10/17/11,RU275453,10/17/01,2/25/26,Oregon
EMP070,Vannie,Ruddock,F,12/13/91,vruddock1x@jimdo.com,664-527-5484,12/22/14,12/22/24,CN227518,12/22/14,2/3/29,Oregon
EMP071,Hogan,Bocken,M,8/10/86,hbocken1y@jalbum.net,415-442-5683,8/23/09,8/23/19,BR483297,8/23/09,9/8/27,Oregon
EMP072,Barnett,Dutnell,M,5/11/89,bdutnell1z@photobucket.com,486-600-6006,5/23/07,5/23/17,LT4917,5/23/07,10/2/28,Oregon
EMP073,Olly,Turbefield,M,9/23/73,oturbefield20@istockphoto.com,500-572-6340,10/7/92,10/7/02,PT237392,10/7/92,8/3/28,Oregon
EMP074,Adda,Stogill,F,7/29/81,astogill21@wisc.edu,548-605-4239,8/6/07,8/6/17,CN334007,8/6/07,6/9/28,Oregon
EMP075,Lauraine,Fernihough,F,12/4/92,lfernihough22@prweb.com,119-341-7988,12/6/16,12/6/26,ID700756,12/6/16,8/10/25,Oregon
EMP076,Bryn,Ozintsev,F,12/15/74,bozintsev23@pcworld.com,185-868-0022,12/21/94,12/21/04,MX180954,12/21/94,2/24/29,Oregon
EMP077,Janet,Studdal,F,10/7/85,jstuddal24@globo.com,534-682-2532,10/13/14,10/13/24,CO77581,10/13/14,6/19/25,Oregon
EMP078,Celesta,Overell,F,4/23/95,coverell25@marriott.com,142-375-3166,5/13/21,5/13/31,SE298019,5/13/21,12/23/26,Oregon
EMP079,Paddy,Zappel,M,12/4/96,pzappel26@ezinearticles.com,923-901-0597,12/5/17,12/5/27,ID674554,12/5/17,8/5/28,Oregon
EMP080,Quintina,Carlson,F,1/28/97,qcarlson27@networksolutions.com,483-428-1968,2/6/24,2/6/34,PK959996,2/6/24,2/14/26,Oregon
EMP081,Elliot,Cronkshaw,M,9/11/78,ecronkshaw28@washington.edu,319-407-2423,9/16/06,9/16/16,PT67825,9/16/06,2/29/28,Oregon
EMP082,Thorny,Baskerville,M,6/1/89,tbaskerville29@jigsy.com,829-477-2561,6/18/08,6/18/18,BD878892,6/18/08,6/2/24,Oregon
EMP083,Kaleb,Davidofski,M,10/10/78,kdavidofski2a@archive.org,302-394-0223,10/14/05,10/14/15,CN708350,10/14/05,1/3/30,Oregon
EMP084,Nikola,Norway,M,5/6/92,nnorway2b@ibm.com,119-856-3276,5/25/21,5/25/31,RU184214,5/25/21,6/4/24,Oregon
EMP085,Lane,Drewry,F,11/8/76,ldrewry2c@businessweek.com,424-840-9631,11/19/01,11/19/11,UA423257,11/19/01,11/9/26,Oregon
EMP086,Florence,Alcalde,F,12/29/87,falcalde2d@edublogs.org,973-220-2662,1/5/15,1/5/25,CN408343,1/5/15,10/2/26,Oregon
EMP087,Maurise,McNirlan,F,9/5/95,mmcnirlan2e@vistaprint.com,666-613-2646,9/6/13,9/6/23,CO615882,9/6/13,11/17/27,Oregon
EMP088,Daffi,Boreham,F,2/29/80,dboreham2f@admin.ch,404-564-1058,3/7/09,3/7/19,KP671069,3/7/09,10/22/29,Oregon
EMP089,Osmund,Libbie,M,5/20/90,olibbie2g@unblog.fr,943-257-7433,5/22/20,5/22/30,CN891240,5/22/20,8/22/28,Oregon
EMP090,Dilly,Nuth,M,2/9/80,dnuth2h@pagesperso-orange.fr,745-777-6735,2/15/02,2/15/12,NL484080,2/15/02,9/29/25,Oregon
EMP091,Johnathan,Lydiard,M,6/9/80,jlydiard2i@creativecommons.org,248-454-7378,6/24/10,6/24/20,CN909677,6/24/10,11/20/25,Oregon
EMP092,Jessie,Crosham,M,5/27/88,jcrosham2j@vimeo.com,899-978-3136,6/5/16,6/5/26,PL771136,6/5/16,11/25/26,Oregon
EMP093,Otha,Jebb,F,12/1/73,ojebb2k@about.me,949-193-1914,12/16/93,12/16/03,CN925010,12/16/93,3/24/28,Oregon
EMP094,Neala,Kennermann,F,9/3/89,nkennermann2l@yahoo.co.jp,382-101-9774,9/14/17,9/14/27,RU774286,9/14/17,6/19/25,Oregon
EMP095,Thekla,Avarne,F,9/21/95,tavarne2m@huffingtonpost.com,998-817-5409,10/2/20,10/2/30,RU75161,10/2/20,3/24/27,Oregon
EMP096,Mayor,Nelson,M,10/20/96,mnelson2n@seattletimes.com,228-780-3921,11/4/21,11/4/31,US108660,11/4/21,2/25/29,Oregon
EMP097,Veronike,Seage,F,8/18/78,vseage2o@google.es,100-272-0473,9/7/01,9/7/11,GR986582,9/7/01,12/5/25,Oregon
EMP098,Yolanthe,Fulep,F,7/24/78,yfulep2p@vimeo.com,834-128-6475,8/4/96,8/4/06,JP728676,8/4/96,12/6/26,Oregon
EMP099,Brianna,Hrinchishin,F,3/13/91,bhrinchishin2q@engadget.com,386-841-0501,3/31/11,3/31/21,ID260423,3/31/11,11/21/25,Oregon
EMP100,Merry,Montford,F,5/12/79,mmontford2r@eventbrite.com,583-965-8252,5/28/06,5/28/16,KZ921832,5/28/06,3/18/26,Oregon
EMP101,Charis,Grimble,F,9/13/85,cgrimble2s@webeden.co.uk,583-676-2062,9/21/11,9/21/21,CN240096,9/21/11,10/15/24,Oregon
EMP102,Tiffanie,King,F,11/10/83,tking2t@de.vu,340-729-9631,11/19/06,11/19/16,ID474123,11/19/06,6/17/25,Oregon
EMP103,Padriac,Shakle,M,11/14/75,pshakle2u@elegantthemes.com,652-494-2944,12/3/94,12/3/04,FI622978,12/3/94,4/16/25,Oregon
EMP104,Francis,Gallaher,M,6/14/95,fgallaher2v@t-online.de,826-410-5016,6/15/25,6/15/35,PH357547,6/15/25,9/6/29,Oregon
EMP105,Wang,Torbeck,M,6/6/96,wtorbeck2w@cnet.com,476-514-8752,6/20/23,6/20/33,MA838408,6/20/23,4/6/25,Oregon
EMP106,Holli,Noades,F,7/1/83,hnoades2x@smugmug.com,151-278-9985,7/6/10,7/6/20,UA225956,7/6/10,3/12/29,Oregon
EMP107,Rafa,Scrymgeour,F,11/19/91,rscrymgeour2y@dion.ne.jp,103-234-8356,12/2/19,12/2/29,BR121386,12/2/19,9/15/29,Oregon
EMP108,Alvie,Poulsom,M,8/19/90,apoulsom2z@nih.gov,749-751-2334,8/25/16,8/25/26,BR45126,8/25/16,5/15/25,Oregon
EMP109,Jake,Heindrick,M,9/22/84,jheindrick30@imdb.com,786-188-8465,10/6/11,10/6/21,CN435572,10/6/11,10/1/26,Oregon
EMP110,Kristel,Covill,F,7/28/93,kcovill31@hexun.com,679-862-1455,8/10/22,8/10/32,CN664182,8/10/22,12/13/27,Oregon
EMP111,Niall,Slayford,M,4/9/93,nslayford32@goodreads.com,467-456-6431,4/18/21,4/18/31,JP183565,4/18/21,2/5/30,Oregon
EMP112,Olympia,McAllaster,F,8/29/93,omcallaster33@blogtalkradio.com,844-691-3521,9/16/19,9/16/29,KE667224,9/16/19,4/22/26,Oregon
EMP113,Meade,Bouller,M,8/19/86,mbouller34@ezinearticles.com,325-180-0369,8/30/09,8/30/19,TH554360,8/30/09,2/24/26,Oregon
EMP114,Jefferey,Earwaker,M,10/26/94,jearwaker35@apple.com,524-519-0439,11/2/20,11/2/30,RU606580,11/2/20,8/12/28,Oregon
EMP115,Gale,Binch,F,6/10/91,gbinch36@desdev.cn,669-262-5319,6/27/19,6/27/29,ID570483,6/27/19,7/18/29,Oregon
EMP116,Eward,Knoble,M,8/14/79,eknoble37@example.com,244-978-9519,8/15/06,8/15/16,PH975902,8/15/06,6/17/28,Oregon
EMP117,Florri,Stronack,F,10/22/78,fstronack38@hexun.com,152-228-7536,10/26/96,10/26/06,ID756705,10/26/96,11/15/29,Oregon
EMP118,Debor,Robichon,F,8/20/78,drobichon39@mozilla.org,174-276-0168,8/29/07,8/29/17,TW995386,8/29/07,1/14/28,Oregon
EMP119,Jamaal,Soall,M,12/10/94,jsoall3a@usgs.gov,830-251-9794,12/26/19,12/26/29,PH40080,12/26/19,12/24/27,Oregon
EMP120,Cassandre,Rastall,F,8/29/92,crastall3b@e-recht24.de,787-670-9951,9/3/20,9/3/30,PT566946,9/3/20,8/23/27,Oregon
EMP121,Lauralee,Spillman,F,9/20/75,lspillman3c@theguardian.com,504-982-6723,10/5/00,10/5/10,CN843420,10/5/00,12/19/26,Oregon
EMP122,Vittoria,Ruggs,F,12/10/84,vruggs3d@bbb.org,973-463-8267,12/23/10,12/23/20,ID684595,12/23/10,1/21/30,Oregon
EMP123,Catarina,Potapczuk,F,4/23/86,cpotapczuk3e@arizona.edu,593-519-8594,5/2/07,5/2/17,CN259840,5/2/07,8/25/26,Oregon
EMP124,Vasili,Revening,M,12/10/76,vrevening3f@army.mil,486-412-6197,12/26/06,12/26/16,BG196943,12/26/06,4/16/25,Oregon
EMP125,Tiphany,McElrath,F,4/16/85,tmcelrath3g@indiegogo.com,897-293-6753,4/26/05,4/26/15,TH401157,4/26/05,12/24/26,Oregon
EMP126,Rey,Zimmerman,F,2/17/95,rzimmerman3h@nifty.com,849-144-1876,2/20/22,2/20/32,PW900275,2/20/22,10/14/28,Oregon
EMP127,Leta,Harrison,F,3/24/87,lharrison3i@altervista.org,105-511-8460,4/3/08,4/3/18,RU30539,4/3/08,8/27/25,Oregon
EMP128,Donny,Amori,M,7/29/91,damori3j@businessweek.com,828-298-9921,8/8/19,8/8/29,EG322120,8/8/19,6/16/24,Oregon
EMP129,Siobhan,Attersoll,F,1/1/89,sattersoll3k@smugmug.com,820-832-7946,1/19/08,1/19/18,HR973390,1/19/08,7/23/24,Oregon
EMP130,Quintana,Neate,F,1/31/84,qneate3l@ft.com,720-192-5009,2/19/09,2/19/19,CN628104,2/19/09,7/14/24,Oregon
EMP131,Dave,Crellin,M,11/26/73,dcrellin3m@gravatar.com,491-940-6507,12/2/94,12/2/04,FR289745,12/2/94,4/2/28,Oregon
EMP132,Lew,Norledge,M,2/26/94,lnorledge3n@ucoz.com,332-874-6501,3/4/20,3/4/30,PH773548,3/4/20,6/7/27,Oregon
EMP133,Smitty,MacIver,M,11/12/73,smaciver3o@whitehouse.gov,238-660-7497,12/1/92,12/1/02,SY233782,12/1/92,2/14/29,Oregon
EMP134,Yvon,Betonia,M,1/6/76,ybetonia3p@qq.com,287-794-6194,1/20/06,1/20/16,SE272733,1/20/06,7/17/25,Oregon
EMP135,Allan,Kitteringham,M,1/5/83,akitteringham3q@ted.com,931-341-1334,1/14/09,1/14/19,HR830580,1/14/09,7/15/28,Oregon
EMP136,Bobbee,Hartzogs,F,1/24/75,bhartzogs3r@soup.io,109-192-6819,2/12/04,2/12/14,CN255578,2/12/04,4/26/28,Oregon
EMP137,Dita,Greathead,F,5/13/87,dgreathead3s@sina.com.cn,532-851-9659,5/25/12,5/25/22,CN859326,5/25/12,12/17/24,Oregon
EMP138,Taddeusz,Stubbings,M,8/13/93,tstubbings3t@meetup.com,432-924-6149,8/18/18,8/18/28,CN97163,8/18/18,5/26/27,Oregon
EMP139,Colin,Dullingham,M,3/30/96,cdullingham3u@pbs.org,998-676-6016,4/15/14,4/15/24,CA163914,4/15/14,9/1/27,Oregon
EMP140,Fernande,Cockram,F,7/8/94,fcockram3v@myspace.com,928-521-0660,7/11/19,7/11/29,UA800094,7/11/19,3/19/30,Oregon
EMP141,Lock,Readett,M,10/6/93,lreadett3w@dailymail.co.uk,554-383-1588,10/12/13,10/12/23,CN477701,10/12/13,7/3/27,Oregon
EMP142,Gwendolyn,Meiner,F,10/5/89,gmeiner3x@answers.com,707-986-0179,10/14/09,10/14/19,KZ157106,10/14/09,11/27/27,Oregon
EMP143,Timmie,Hamilton,F,5/30/74,thamilton3y@yellowpages.com,169-849-6355,6/14/01,6/14/11,CN145022,6/14/01,12/20/29,Oregon
EMP144,Friedrick,Amys,M,1/26/79,famys3z@sfgate.com,329-890-8063,2/11/08,2/11/18,HR62809,2/11/08,11/15/29,Oregon
EMP145,Araldo,Korous,M,10/3/77,akorous40@guardian.co.uk,596-912-6498,10/4/04,10/4/14,CN138566,10/4/04,5/19/29,Oregon
EMP146,Dorothy,Paxton,F,9/9/91,dpaxton41@cdc.gov,108-414-1946,9/25/12,9/25/22,FR317133,9/25/12,3/30/27,Oregon
EMP147,Theadora,Sharples,F,8/12/96,tsharples42@prlog.org,387-414-1865,8/31/16,8/31/26,CO430209,8/31/16,1/12/29,Oregon
EMP148,Minor,Baumaier,M,11/3/82,mbaumaier43@homestead.com,330-938-5396,11/8/03,11/8/13,SE256011,11/8/03,11/20/27,Oregon
EMP149,Leland,Novkovic,M,7/15/90,lnovkovic44@patch.com,553-923-1485,7/29/08,7/29/18,PH982627,7/29/08,7/20/24,Oregon
EMP150,Judas,Sivyour,M,4/5/74,jsivyour45@behance.net,787-128-0112,4/13/92,4/13/02,JP307558,4/13/92,11/15/28,Oregon
EMP151,Bibi,Pickles,F,9/17/93,bpickles46@scribd.com,590-616-9159,10/4/16,10/4/26,US195157,10/4/16,8/27/25,Oregon
EMP152,Ely,Wollers,M,12/29/90,ewollers47@cdc.gov,564-808-8575,1/10/14,1/10/24,CN71207,1/10/14,5/19/27,Oregon
EMP153,Sinclair,Tanton,M,8/20/95,stanton48@slashdot.org,505-947-2545,8/26/25,8/26/35,VN372644,8/26/25,10/26/29,Oregon
EMP154,Smith,Telford,M,9/25/78,stelford49@deliciousdays.com,563-613-8523,10/2/97,10/2/07,PH917135,10/2/97,7/31/29,Oregon
EMP155,Wolfy,Dunn,M,2/25/77,wdunn4a@statcounter.com,640-655-6208,3/7/02,3/7/12,HU218775,3/7/02,3/8/28,Oregon
EMP156,Gilles,Hucke,M,4/5/88,ghucke4b@1688.com,676-202-9055,4/18/14,4/18/24,CN672707,4/18/14,11/1/28,Oregon
EMP157,Rowney,Gostling,M,5/28/81,rgostling4c@deviantart.com,610-802-8211,6/10/07,6/10/17,CN524699,6/10/07,11/27/26,Oregon
EMP158,Elicia,Towsie,F,6/8/87,etowsie4d@woothemes.com,140-463-4493,6/24/05,6/24/15,RU532893,6/24/05,12/16/27,Oregon
EMP159,Vere,Willeman,F,12/1/73,vwilleman4e@acquirethisname.com,796-756-4811,12/5/03,12/5/13,PL830520,12/5/03,12/22/29,Oregon
EMP160,Glennis,Farnfield,F,8/1/77,gfarnfield4f@scribd.com,437-416-4313,8/7/06,8/7/16,MG172939,8/7/06,9/23/29,Oregon
EMP161,Maddie,Stillmann,F,3/23/75,mstillmann4g@archive.org,829-787-0484,3/25/96,3/25/06,BR665981,3/25/96,4/2/28,Oregon
EMP162,Nikkie,McKim,F,8/26/78,nmckim4h@google.es,876-649-1673,9/14/02,9/14/12,PE108708,9/14/02,11/25/25,Oregon
EMP163,Elsy,Wansbury,F,3/2/91,ewansbury4i@csmonitor.com,876-378-9243,3/5/20,3/5/30,ID11091,3/5/20,3/30/25,Oregon
EMP164,Robenia,Nisbet,F,9/18/96,rnisbet4j@spotify.com,918-599-1063,10/8/26,10/8/36,PT563056,10/8/26,3/22/30,Oregon
EMP165,Dinnie,Grandisson,F,12/1/77,dgrandisson4k@telegraph.co.uk,991-689-6274,12/4/04,12/4/14,GR522381,12/4/04,9/24/25,Oregon
EMP166,Nataniel,Elt,M,10/20/83,nelt4l@mlb.com,809-203-3212,10/21/04,10/21/14,CZ840975,10/21/04,1/20/30,Oregon
EMP167,Ericha,Byas,F,1/4/86,ebyas4m@msn.com,752-713-0207,1/22/16,1/22/26,PL633630,1/22/16,12/15/25,Oregon
EMP168,Alejandrina,Grishukhin,F,1/11/88,agrishukhin4n@dailymail.co.uk,777-315-0256,1/30/10,1/30/20,GR414849,1/30/10,5/13/25,Oregon
EMP169,Curr,Heeks,M,3/16/93,cheeks4o@va.gov,533-914-7488,4/5/13,4/5/23,SE686100,4/5/13,12/9/28,Oregon
EMP170,Neddie,Petr,M,5/16/76,npetr4p@senate.gov,125-652-6099,5/31/05,5/31/15,CN904968,5/31/05,4/10/25,Oregon
EMP171,Lilli,Esberger,F,1/17/85,lesberger4q@privacy.gov.au,616-295-2488,1/29/14,1/29/24,PH89990,1/29/14,6/24/26,Oregon
EMP172,Suzanna,Renneke,F,11/11/81,srenneke4r@mac.com,207-808-5494,11/24/99,11/24/09,CN478985,11/24/99,3/14/28,Oregon
EMP173,Hulda,Christophers,F,5/21/84,hchristophers4s@cdbaby.com,314-439-6371,6/3/13,6/3/23,TD966332,6/3/13,2/6/27,Oregon
EMP174,Chandal,Habergham,F,10/11/81,chabergham4t@weather.com,144-144-1047,10/26/08,10/26/18,PH477339,10/26/08,6/5/29,Oregon
EMP175,Tallia,Benedetti,F,9/10/85,tbenedetti4u@irs.gov,523-989-9377,9/25/11,9/25/21,BR855155,9/25/11,10/16/26,Oregon
EMP176,Rina,Verryan,F,10/23/94,rverryan4v@homestead.com,248-532-2831,10/27/24,10/27/34,PK124684,10/27/24,7/9/28,Oregon
EMP177,Micky,Scullin,F,10/26/89,mscullin4w@google.it,950-357-5415,11/12/07,11/12/17,PE837743,11/12/07,7/30/26,Oregon
EMP178,Shepherd,Kirk,M,8/30/93,skirk4x@seattletimes.com,675-749-5011,9/9/11,9/9/21,KZ148997,9/9/11,6/6/29,Oregon
EMP179,Kleon,Gurrado,M,11/28/73,kgurrado4y@histats.com,244-349-1479,12/3/95,12/3/05,GR826089,12/3/95,4/9/28,Oregon
EMP180,Hiram,Fenna,M,2/16/77,hfenna4z@theglobeandmail.com,312-355-3219,3/1/96,3/1/06,FR477910,3/1/96,5/16/27,Oregon
EMP181,Teddi,Simonelli,F,3/21/80,tsimonelli50@amazonaws.com,767-775-5228,4/10/98,4/10/08,RU218833,4/10/98,7/21/24,Oregon
EMP182,Duffy,Vassall,M,8/1/93,dvassall51@harvard.edu,919-189-0542,8/3/12,8/3/22,RU79027,8/3/12,11/9/28,Oregon
EMP183,Angel,Benes,F,3/23/88,abenes52@springer.com,985-266-6029,4/1/15,4/1/25,CN180804,4/1/15,7/19/27,Oregon
EMP184,Hank,Fermoy,M,8/30/95,hfermoy53@ameblo.jp,296-575-7263,9/10/15,9/10/25,CO347857,9/10/15,7/14/29,Oregon
EMP185,Morry,Learned,M,8/14/76,mlearned54@tripod.com,691-113-8192,8/18/03,8/18/13,UZ801326,8/18/03,8/20/24,Oregon
EMP186,Jerrilyn,Senussi,F,10/7/88,jsenussi55@nsw.gov.au,773-657-4179,10/18/12,10/18/22,SE801275,10/18/12,6/9/26,Oregon
EMP187,Chas,Dimnage,M,5/18/83,cdimnage56@vkontakte.ru,787-237-8004,6/3/13,6/3/23,PL691949,6/3/13,10/22/24,Oregon
EMP188,Philippa,Proudler,F,7/31/96,pproudler57@un.org,766-876-4535,8/12/22,8/12/32,CN779414,8/12/22,6/6/25,Oregon
EMP189,Bond,Altoft,M,12/20/85,baltoft58@shop-pro.jp,597-576-1120,12/21/10,12/21/20,TZ851362,12/21/10,4/13/28,Oregon
EMP190,Courtney,Ellcome,F,9/22/84,cellcome59@vk.com,929-852-1105,10/4/07,10/4/17,GR979232,10/4/07,11/6/27,Oregon
EMP191,Kristen,Jeyness,F,10/23/75,kjeyness5a@ox.ac.uk,375-828-7719,10/26/96,10/26/06,IR701864,10/26/96,12/18/29,Oregon
EMP192,Korie,Brambill,F,3/21/87,kbrambill5b@nps.gov,510-816-1585,3/25/15,3/25/25,PH865763,3/25/15,11/25/28,Oregon
EMP193,Odell,Spurritt,M,8/23/92,ospurritt5c@bbc.co.uk,297-300-7724,8/25/13,8/25/23,PL135950,8/25/13,1/12/25,Oregon
EMP194,Godwin,Rimmington,M,7/26/87,grimmington5d@craigslist.org,960-431-8279,8/7/15,8/7/25,ID29591,8/7/15,12/27/24,Oregon
EMP195,Ramonda,Vowles,F,8/26/97,rvowles5e@123-reg.co.uk,690-913-8488,9/4/17,9/4/27,CO187578,9/4/17,1/12/26,Oregon
EMP196,Sandy,Bragge,F,3/14/83,sbragge5f@qq.com,496-435-2929,4/2/10,4/2/20,SE917092,4/2/10,3/27/29,Oregon
EMP197,Toby,Railton,M,6/17/83,trailton5g@ibm.com,975-528-1451,6/30/05,6/30/15,JP789954,6/30/05,5/27/27,Oregon
EMP198,Amelia,McGonigle,F,6/12/87,amcgonigle5h@sakura.ne.jp,242-756-7034,6/29/08,6/29/18,CN229076,6/29/08,2/23/30,Oregon
EMP199,Titos,Halliday,M,9/8/77,thalliday5i@yale.edu,202-883-0976,9/13/97,9/13/07,FI479725,9/13/97,2/8/26,Oregon
EMP200,Tonye,Rosenshine,F,11/24/74,trosenshine5j@odnoklassniki.ru,164-632-1185,12/7/00,12/7/10,DO388882,12/7/00,6/25/26,Oregon