rider_id,first_name,last_name,gender,date_of_birth,email_id,phone_no,signup_date,fav_start_location,fav_end_location
CUS1001,Circuit,Bengt,M,7/10/91,bcircuit0@netscape.com,211-114-8225,7/10/06,home,office
CUS1002,Pantry,Lexie,F,11/30/69,lpantry1@opera.com,678-709-5057,11/30/84,home,office
CUS1003,Bonevant,Mamie,F,12/25/94,mbonevant2@wufoo.com,581-373-7201,12/25/09,home,office
CUS1004,Theriot,Ellyn,F,2/6/68,etheriot3@macromedia.com,203-161-4921,2/6/83,home,office
CUS1005,Arnason,Brockie,M,1/4/82,barnason4@baidu.com,980-924-4982,1/4/97,home,office
CUS1006,Wisedale,Remington,M,10/17/66,rwisedale5@omniture.com,676-188-5370,10/17/81,home,office
CUS1007,Parrett,Olin,M,4/4/89,oparrett6@ox.ac.uk,645-615-5786,4/4/04,home,office
CUS1008,Asals,Gracie,F,10/22/70,gasals7@weebly.com,846-533-5430,10/22/85,home,office
CUS1009,Snowsill,Kienan,M,7/29/70,ksnowsill8@mlb.com,464-586-8972,7/29/85,home,office
CUS1010,Shawyers,Desmond,M,11/29/72,dshawyers9@purevolume.com,286-497-4269,11/29/87,home,office
CUS1011,Rives,Anestassia,F,9/2/75,arivesa@about.com,869-409-1720,9/2/90,home,office
CUS1012,Lindstrom,Heath,F,9/30/73,hlindstromb@dailymail.co.uk,614-206-7398,9/30/88,home,office
CUS1013,Sweeten,Byrom,M,1/11/75,bsweetenc@pinterest.com,881-325-4850,1/11/90,home,office
CUS1014,Yashnov,Elaine,F,3/17/98,eyashnovd@tmall.com,124-308-2506,3/17/13,home,office
CUS1015,Sauvain,Gloria,F,4/6/82,gsauvaine@wordpress.org,114-710-8752,4/6/97,home,office
CUS1016,Deuss,Beckie,F,9/5/74,bdeussf@harvard.edu,613-511-2867,9/5/89,home,office
CUS1017,Tregenza,Edgardo,M,11/16/90,etregenzag@cnet.com,776-937-3426,11/16/05,home,office
CUS1018,Philipeaux,Karlee,F,5/24/91,kphilipeauxh@jigsy.com,502-299-7174,5/24/06,home,office
CUS1019,Kildale,Darb,M,10/10/83,dkildalei@netlog.com,182-960-9591,10/10/98,home,office
CUS1020,Pirelli,Thelma,F,1/2/84,tpirellij@newsvine.com,161-118-3870,1/2/99,home,office
CUS1021,Witterick,Moore,M,9/7/97,mwitterickk@creativecommons.org,232-678-5023,9/7/12,home,office
CUS1022,Doody,Andrus,M,3/2/80,adoodyl@va.gov,853-794-5809,3/2/95,home,office
CUS1023,Austin,Lannie,M,1/24/90,laustinm@mit.edu,904-356-1724,1/24/05,home,office
CUS1024,Madle,Dirk,M,5/7/91,dmadlen@hubpages.com,380-473-2587,5/7/06,home,office
CUS1025,Mapplebeck,Gordie,M,8/25/90,gmapplebecko@blogs.com,207-762-2715,8/25/05,home,office
CUS1026,Grewer,Fidelio,M,3/14/98,fgrewerp@people.com.cn,814-312-0695,3/14/13,home,office
CUS1027,Gartenfeld,Durante,M,11/1/95,dgartenfeldq@php.net,679-781-9220,11/1/10,home,office
CUS1028,Holligan,Shurlocke,M,5/19/86,sholliganr@imdb.com,404-726-0564,5/19/01,home,office
CUS1029,Wenman,Evie,F,4/19/66,ewenmans@abc.net.au,864-394-5819,4/19/81,home,office
CUS1030,Iacovucci,Mart,M,11/20/78,miacovuccit@istockphoto.com,112-999-6760,11/20/93,home,office
CUS1031,Kolakowski,Ciro,M,5/10/87,ckolakowskiu@studiopress.com,609-738-4122,5/10/02,home,office
CUS1032,Sturley,West,M,11/8/77,wsturleyv@census.gov,732-590-1474,11/8/92,home,office
CUS1033,Casina,Deeyn,F,4/26/84,dcasinaw@craigslist.org,453-940-4183,4/26/99,home,office
CUS1034,Wyburn,Theodosia,F,1/13/77,twyburnx@wix.com,424-564-7608,1/13/92,home,office
CUS1035,Van Arsdall,Britt,M,4/15/89,bvanarsdally@gmpg.org,656-101-8634,4/15/04,home,office
CUS1036,Moverley,Chrissie,F,6/29/89,cmoverleyz@sphinn.com,114-188-6041,6/29/04,home,office
CUS1037,Theyer,Veronike,F,12/28/77,vtheyer10@360.cn,326-614-2893,12/28/92,home,office
CUS1038,Broadbridge,Guthry,M,9/23/92,gbroadbridge11@unc.edu,710-744-9172,9/23/07,home,university
CUS1039,Creffeild,Vanya,M,10/22/69,vcreffeild12@sciencedirect.com,798-105-5642,10/22/84,home,university
CUS1040,Milliken,Rainer,M,5/26/65,rmilliken13@hhs.gov,477-210-2270,5/26/80,home,university
CUS1041,Winfield,Ingamar,M,12/19/66,iwinfield14@webeden.co.uk,730-737-7013,12/19/81,home,university
CUS1042,Durtnall,Stephana,F,7/29/82,sdurtnall15@ox.ac.uk,317-317-9380,7/29/97,home,university
CUS1043,Arnet,Rey,M,7/13/88,rarnet16@hostgator.com,437-873-9551,7/13/03,home,university
CUS1044,Aughton,Leonhard,M,7/15/85,laughton17@census.gov,940-808-0421,7/15/00,home,university
CUS1045,Sawart,Micky,M,3/2/91,msawart18@stanford.edu,793-262-4149,3/2/06,home,university
CUS1046,Langworthy,Bealle,M,2/22/75,blangworthy19@yelp.com,425-796-1396,2/22/90,home,university
CUS1047,Atwater,Lorain,F,9/1/79,latwater1a@hud.gov,597-749-6173,9/1/94,home,university
CUS1048,Kellet,Merci,F,7/15/69,mkellet1b@posterous.com,723-842-5941,7/15/84,home,university
CUS1049,Nesfield,Heloise,F,12/26/66,hnesfield1c@mail.ru,387-496-4538,12/26/81,home,university
CUS1050,MacCosty,Deloria,F,7/22/69,dmaccosty1d@adobe.com,826-641-3736,7/22/84,home,university
CUS1051,Arnaudi,Alley,M,9/17/80,aarnaudi1e@dailymotion.com,858-731-2001,9/17/95,home,university
CUS1052,McKinstry,Dalton,M,10/5/70,dmckinstry1f@blogspot.com,413-437-8368,10/5/85,home,university
CUS1053,Grigoriev,Deane,M,12/9/83,dgrigoriev1g@istockphoto.com,600-317-1216,12/9/98,home,university
CUS1054,McTavish,Fred,F,8/15/68,fmctavish1h@google.es,650-864-6371,8/15/83,home,university
CUS1055,Ronchka,Garrick,M,1/7/89,gronchka1i@opera.com,673-451-7483,1/7/04,home,university
CUS1056,Lofting,Gray,M,7/26/73,glofting1j@over-blog.com,527-505-1610,7/26/88,home,university
CUS1057,Prando,Truman,M,6/11/69,tprando1k@webeden.co.uk,555-635-1892,6/11/84,home,university
CUS1058,Salling,Zeb,M,9/24/76,zsalling1l@msn.com,778-202-8504,9/24/91,home,university
CUS1059,Lucia,Nicolette,F,7/16/89,nlucia1m@pinterest.com,560-334-4467,7/16/04,home,university
CUS1060,Goundsy,Jenine,F,5/27/84,jgoundsy1n@blogs.com,677-451-5514,5/27/99,home,university
CUS1061,Poole,Sascha,M,2/14/96,spoole1o@youtube.com,901-421-3325,2/14/11,home,university
CUS1062,Ebdon,Bertie,F,5/27/68,bebdon1p@studiopress.com,983-563-9323,5/27/83,home,university
CUS1063,Ficken,Merna,F,3/1/77,mficken1q@yelp.com,652-763-4995,3/1/92,home,university
CUS1064,Lauritzen,Klement,M,2/3/83,klauritzen1r@imgur.com,826-310-6068,2/3/98,home,university
CUS1065,Ponde,Leopold,M,7/30/95,lponde1s@bbc.co.uk,409-864-0645,7/30/10,home,university
CUS1066,Jaher,Wallie,M,10/8/93,wjaher1t@ehow.com,410-594-5178,10/8/08,home,university
CUS1067,Wassell,Marla,F,3/10/86,mwassell1u@cmu.edu,992-710-5049,3/10/01,home,university
CUS1068,Sargerson,Cesar,M,11/19/85,csargerson1v@vimeo.com,543-802-0093,11/19/00,home,university
CUS1069,Khadir,Marcello,M,1/6/76,mkhadir1w@qq.com,652-506-2770,1/6/91,home,university
CUS1070,Thies,Brooke,F,12/3/94,bthies1x@google.nl,471-100-7654,12/3/09,home,university
CUS1071,Giabucci,Kliment,M,8/17/72,kgiabucci1y@geocities.com,331-172-1469,8/17/87,home,university
CUS1072,Fay,Bree,F,10/3/92,bfay1z@arizona.edu,777-749-0171,10/3/07,home,university
CUS1073,Woodus,Almeta,F,6/22/77,awoodus20@ow.ly,702-133-6015,6/22/92,home,university
CUS1074,Blondin,Garth,M,11/6/74,gblondin21@linkedin.com,575-570-3601,11/6/89,home,university
CUS1075,Yakebovitch,Vin,M,3/26/83,vyakebovitch22@gmpg.org,373-741-4596,3/26/98,home,university
CUS1076,Stud,Glenden,M,3/16/78,gstud23@webnode.com,605-431-5247,3/16/93,home,university
CUS1077,Edworthy,Dasie,F,9/17/87,dedworthy24@sun.com,585-915-7764,9/17/02,home,university
CUS1078,Cruikshanks,Mozes,M,1/14/98,mcruikshanks25@time.com,645-810-9020,1/14/13,home,university
CUS1079,Kimble,Trudy,F,1/26/82,tkimble26@dailymail.co.uk,829-327-4376,1/26/97,home,university
CUS1080,Busby,Bertrando,M,4/3/80,bbusby27@cpanel.net,940-530-4908,4/3/95,home,university
CUS1081,Blankau,Athena,F,3/22/81,ablankau28@java.com,705-844-6527,3/22/96,home,university
CUS1082,Sellan,Layne,F,8/20/73,lsellan29@harvard.edu,101-526-5636,8/20/88,home,university
CUS1083,Skelton,Cynthy,F,10/4/90,cskelton2a@vkontakte.ru,502-942-3835,10/4/05,home,university
CUS1084,Davenhill,Mehetabel,F,10/23/82,mdavenhill2b@unc.edu,870-907-9692,10/23/97,home,university
CUS1085,Keitley,Peg,F,12/7/93,pkeitley2c@redcross.org,252-361-2371,12/7/08,home,university
CUS1086,Churm,Cassondra,F,7/28/74,cchurm2d@wikimedia.org,568-780-6412,7/28/89,home,university
CUS1087,Gilleson,Roana,F,4/10/83,rgilleson2e@examiner.com,333-222-4799,4/10/98,home,university
CUS1088,Bocock,Ingra,M,1/11/82,ibocock2f@sohu.com,248-502-6270,1/11/97,home,university
CUS1089,Chidwick,Xenos,M,2/17/81,xchidwick2g@google.com.hk,485-832-9095,2/17/96,home,university
CUS1090,Pinel,Aubrette,F,2/6/92,apinel2h@stumbleupon.com,877-953-5228,2/6/07,home,university
CUS1091,Thornley,Cathy,F,2/20/96,cthornley2i@blogtalkradio.com,955-402-6075,2/20/11,home,university
CUS1092,Badby,Noland,M,10/17/95,nbadby2j@discovery.com,414-452-7804,10/17/10,home,university
CUS1093,Brookton,Hoebart,M,5/26/69,hbrookton2k@cisco.com,563-248-2279,5/26/84,home,university
CUS1094,Turbayne,Timmie,F,6/23/71,tturbayne2l@wikimedia.org,323-286-8817,6/23/86,home,university
CUS1095,Baudains,Sheffy,M,3/15/82,sbaudains2m@time.com,939-781-3246,3/15/97,home,university
CUS1096,O'Scully,Nickolas,M,3/20/93,noscully2n@purevolume.com,175-655-1139,3/20/08,home,university
CUS1097,Arnowitz,Livy,F,9/9/77,larnowitz2o@nih.gov,760-554-2054,9/9/92,home,university
CUS1098,Whitwham,Torry,M,2/3/74,twhitwham2p@miitbeian.gov.cn,554-302-6845,2/3/89,home,university
CUS1099,Pecey,Alvira,F,2/10/77,apecey2q@msu.edu,901-444-8165,2/10/92,home,university
CUS1100,Klimentyonok,Mabel,F,6/30/73,mklimentyonok2r@ebay.co.uk,935-371-0237,6/30/88,home,university
CUS1101,Edinborough,Kristina,F,2/11/78,kedinborough2s@zdnet.com,393-701-1540,2/11/93,home,university
CUS1102,Scandrite,Sinclair,M,8/3/92,sscandrite2t@netvibes.com,540-936-1759,8/3/07,home,university
CUS1103,Hardwin,Bessie,F,6/24/85,bhardwin2u@google.pl,751-760-9785,6/24/00,home,university
CUS1104,Livick,Marietta,F,8/8/72,mlivick2v@weebly.com,111-924-9265,8/8/87,home,university
CUS1105,Segot,Emera,F,10/31/91,esegot2w@toplist.cz,177-818-6024,10/31/06,home,university
CUS1106,Orrom,Marty,F,9/22/80,morrom2x@youtube.com,810-280-8511,9/22/95,home,university
CUS1107,Costock,Charlie,M,5/28/79,ccostock2y@ameblo.jp,939-125-5093,5/28/94,home,university
CUS1108,Lamburne,Roxine,F,9/15/70,rlamburne2z@amazon.de,861-226-2040,9/15/85,home,university
CUS1109,Corragan,Donni,F,5/13/96,dcorragan30@wix.com,137-307-3412,5/13/11,home,university
CUS1110,Le Grove,Adah,F,4/7/66,alegrove31@cbslocal.com,203-200-9294,4/7/81,home,university
CUS1111,Oene,Ike,M,7/8/95,ioene32@163.com,950-781-0002,7/8/10,home,university
CUS1112,Burfield,Joela,F,9/16/96,jburfield33@disqus.com,393-704-8349,9/16/11,home,university
CUS1113,Hutchin,Rene,F,10/17/91,rhutchin34@liveinternet.ru,832-794-3050,10/17/06,home,university
CUS1114,Dootson,Cheri,F,10/2/78,cdootson35@alibaba.com,291-295-1676,10/2/93,home,university
CUS1115,Cuell,Tore,M,3/30/97,tcuell36@free.fr,849-431-5450,3/30/12,home,university
CUS1116,Sive,Nikos,M,4/6/93,nsive37@wikimedia.org,990-714-8335,4/6/08,home,university
CUS1117,Bontine,Kerianne,F,12/17/72,kbontine38@go.com,798-803-5853,12/17/87,home,university
CUS1118,Wordesworth,Averell,M,1/26/74,awordesworth39@w3.org,903-582-6716,1/26/89,home,university
CUS1119,Brislane,Sinclair,M,4/18/93,sbrislane3a@state.tx.us,127-797-9578,4/18/08,home,university
CUS1120,Moyles,Port,M,2/18/94,pmoyles3b@alexa.com,720-314-5231,2/18/09,home,university
CUS1121,Pristnor,Brandon,M,8/20/95,bpristnor3c@pinterest.com,579-940-3602,8/20/10,home,university
CUS1122,Gwinnell,Tiphany,F,6/30/79,tgwinnell3d@cnbc.com,412-886-9236,6/30/94,home,university
CUS1123,Keady,Ertha,F,5/17/80,ekeady3e@last.fm,531-173-0755,5/17/95,home,university
CUS1124,Hannen,Rheba,F,11/29/96,rhannen3f@statcounter.com,470-601-5667,11/29/11,home,university
CUS1125,Garshore,Sharline,F,11/30/66,sgarshore3g@reddit.com,459-534-3351,11/30/81,home,university
CUS1126,Kerans,Nolan,M,5/4/97,nkerans3h@engadget.com,260-614-9095,5/4/12,home,university
CUS1127,Odlin,Efrem,M,5/19/77,eodlin3i@tmall.com,337-860-2004,5/19/92,home,university
CUS1128,Ridgers,Michelina,F,4/5/92,mridgers3j@creativecommons.org,160-820-9873,4/5/07,home,university
CUS1129,Huster,Cate,F,2/19/83,chuster3k@msu.edu,532-101-6803,2/19/98,home,university
CUS1130,Goff,Mildred,F,12/15/79,mgoff3l@newsvine.com,138-334-6686,12/15/94,home,university
CUS1131,Yetman,Marget,F,10/19/71,myetman3m@soundcloud.com,167-678-5386,10/19/86,home,university
CUS1132,Peperell,Gabriella,F,11/21/95,gpeperell3n@businesswire.com,215-792-3614,11/21/10,home,university
CUS1133,Muge,Steffie,F,5/8/88,smuge3o@accuweather.com,906-542-5250,5/8/03,home,university
CUS1134,McGready,Nicola,M,5/31/75,nmcgready3p@usnews.com,466-860-7629,5/31/90,home,university
CUS1135,Dummett,Baxy,M,9/12/90,bdummett3q@soup.io,645-564-8553,9/12/05,home,university
CUS1136,Kaaskooper,Delmar,M,1/22/97,dkaaskooper3r@yahoo.com,695-973-3764,1/22/12,home,university
CUS1137,Jedryka,Margaretha,F,8/20/94,mjedryka3s@reference.com,363-991-2090,8/20/09,home,university
CUS1138,MacTurlough,Randie,F,10/14/97,rmacturlough3t@histats.com,657-858-9093,10/14/12,home,university
CUS1139,Gorringe,Drusy,F,6/4/68,dgorringe3u@wunderground.com,941-605-0837,6/4/83,home,university
CUS1140,Odd,Neale,M,1/29/68,nodd3v@huffingtonpost.com,613-253-2468,1/29/83,home,university
CUS1141,Reiners,Gladys,F,10/28/70,greiners3w@boston.com,445-804-4140,10/28/85,home,university
CUS1142,Bricket,Alina,F,11/23/81,abricket3x@comsenz.com,729-790-6092,11/23/96,home,university
CUS1143,Riccardini,Bobby,M,12/22/79,briccardini3y@theguardian.com,728-567-4833,12/22/94,home,university
CUS1144,Muglestone,Keven,M,8/20/94,kmuglestone3z@yolasite.com,297-298-9486,8/20/09,home,university
CUS1145,Stopps,Saree,F,6/19/79,sstopps40@yelp.com,756-505-4031,6/19/94,home,university
CUS1146,Erdis,Erda,F,10/2/80,eerdis41@discuz.net,240-337-3127,10/2/95,home,university
CUS1147,Rollett,Keenan,M,6/18/80,krollett42@ebay.com,779-666-9366,6/18/95,home,university
CUS1148,Ridsdale,Tyson,M,9/14/71,tridsdale43@yale.edu,176-997-4364,9/14/86,home,university
CUS1149,Thomazet,Holly,M,11/7/83,hthomazet44@prlog.org,930-556-2549,11/7/98,home,university
CUS1150,Franzel,Myrwyn,M,2/21/97,mfranzel45@adobe.com,146-691-5688,2/21/12,home,university
CUS1151,Lattimer,Adoree,F,3/27/98,alattimer46@instagram.com,313-930-4221,3/27/13,home,university
CUS1152,McIlhagga,Anica,F,1/30/76,amcilhagga47@google.co.uk,870-237-8321,1/30/91,home,university
CUS1153,Hartwell,Iggie,M,6/13/88,ihartwell48@domainmarket.com,818-885-5828,6/13/03,home,university
CUS1154,Pacquet,Robin,F,1/29/93,rpacquet49@newsvine.com,488-738-3796,1/29/08,home,university
CUS1155,Whannel,Joelynn,F,12/29/79,jwhannel4a@si.edu,633-579-9863,12/29/94,home,university
CUS1156,Parsonson,Cash,M,9/30/71,cparsonson4b@bing.com,390-437-4246,9/30/86,home,university
CUS1157,Kuzma,Moshe,M,11/25/74,mkuzma4c@canalblog.com,303-712-2980,11/25/89,home,university
CUS1158,Caustic,Carri,F,1/23/69,ccaustic4d@slashdot.org,208-148-0380,1/23/84,home,university
CUS1159,Briance,Rebbecca,F,8/20/69,rbriance4e@tinypic.com,749-215-0348,8/20/84,home,university
CUS1160,Francom,Arturo,M,11/22/88,afrancom4f@cisco.com,642-774-9531,11/22/03,home,university
CUS1161,Haffenden,Mahala,F,10/28/67,mhaffenden4g@tinypic.com,209-254-0693,10/28/82,home,university
CUS1162,Stowe,Simona,F,5/25/87,sstowe4h@so-net.ne.jp,428-861-5108,5/25/02,home,university
CUS1163,Schuelcke,Christy,M,2/20/73,cschuelcke4i@example.com,171-768-7228,2/20/88,home,university
CUS1164,Larway,Pepita,F,10/7/83,plarway4j@ucoz.ru,115-663-3964,10/7/98,home,university
CUS1165,Mannock,Lissa,F,8/21/74,lmannock4k@mozilla.org,854-870-3380,8/21/89,home,university
CUS1166,Rippin,Erek,M,1/6/69,erippin4l@scientificamerican.com,831-176-3383,1/6/84,home,university
CUS1167,Rogerot,Hugibert,M,9/11/74,hrogerot4m@studiopress.com,274-529-9087,9/11/89,home,university
CUS1168,Lionel,Chrysler,F,11/7/91,clionel4n@cnet.com,586-118-8230,11/7/06,home,university
CUS1169,Yushmanov,Odessa,F,5/14/95,oyushmanov4o@uol.com.br,252-338-4441,5/14/10,home,university
CUS1170,Matchett,Brock,M,7/26/66,bmatchett4p@xing.com,606-989-1983,7/26/81,home,university
CUS1171,Lowbridge,Kristyn,F,7/22/92,klowbridge4q@boston.com,117-115-1209,7/22/07,home,university
CUS1172,Satchell,Roxy,F,3/20/71,rsatchell4r@fema.gov,842-791-8126,3/20/86,home,university
CUS1173,Carsberg,Pierre,M,11/7/92,pcarsberg4s@forbes.com,839-191-5162,11/7/07,home,university
CUS1174,Derrington,Rianon,F,2/23/78,rderrington4t@bravesites.com,268-742-1198,2/23/93,home,university
CUS1175,Pfiffer,Ambrosi,M,11/6/96,apfiffer4u@issuu.com,971-465-8084,11/6/11,home,university
CUS1176,Nappin,Tilly,F,12/21/69,tnappin4v@list-manage.com,982-326-5670,12/21/84,home,university
CUS1177,Schops,Lorelei,F,10/1/83,lschops4w@wp.com,712-141-2062,10/1/98,home,university
CUS1178,Salsbury,Pall,M,10/19/92,psalsbury4x@mashable.com,516-384-4506,10/19/07,home,university
CUS1179,Lempertz,Teodoor,M,8/14/66,tlempertz4y@bigcartel.com,739-678-4258,8/14/81,office,mall
CUS1180,Ciccarelli,Allister,M,1/5/75,aciccarelli4z@walmart.com,863-813-6824,1/5/90,office,mall
CUS1181,Juzek,Kissiah,F,11/22/83,kjuzek50@tumblr.com,253-473-6646,11/22/98,office,mall
CUS1182,Sprackling,Cornelle,F,9/7/77,csprackling51@adobe.com,300-854-8999,9/7/92,office,mall
CUS1183,Franklen,Aharon,M,1/17/69,afranklen52@163.com,321-504-5267,1/17/84,office,mall
CUS1184,Blampy,Ralf,M,3/26/82,rblampy53@posterous.com,890-987-8968,3/26/97,office,mall
CUS1185,Hesse,Ermin,M,11/3/82,ehesse54@fastcompany.com,485-379-5828,11/3/97,office,mall
CUS1186,Milkins,Wilhelmina,F,4/1/75,wmilkins55@wired.com,170-884-6128,4/1/90,office,mall
CUS1187,Denkel,Nola,F,10/15/94,ndenkel56@t.co,742-883-7203,10/15/09,office,mall
CUS1188,Cooksley,Ree,F,6/8/82,rcooksley57@ocn.ne.jp,341-732-8254,6/8/97,office,mall
CUS1189,Krause,Shelby,M,8/1/83,skrause58@tinypic.com,871-675-2884,8/1/98,office,mall
CUS1190,Lay,Gunther,M,7/11/95,glay59@sbwire.com,214-212-7133,7/11/10,office,mall
CUS1191,Banaszewski,Lydon,M,12/6/95,lbanaszewski5a@mail.ru,840-798-7725,12/6/10,office,mall
CUS1192,Akaster,Briney,F,2/12/74,bakaster5b@redcross.org,289-685-5541,2/12/89,office,mall
CUS1193,Kollaschek,Lemar,M,4/18/73,lkollaschek5c@java.com,278-614-7783,4/18/88,office,mall
CUS1194,Bizley,Mischa,M,1/26/82,mbizley5d@naver.com,223-500-4534,1/26/97,office,mall
CUS1195,Authers,Jacqueline,F,11/27/92,jauthers5e@a8.net,972-795-5385,11/27/07,office,mall
CUS1196,Sackey,Powell,M,11/1/71,psackey5f@tinypic.com,520-576-3799,11/1/86,office,mall
CUS1197,Petegre,Mariele,F,11/2/92,mpetegre5g@yandex.ru,364-445-4618,11/2/07,office,mall
CUS1198,Silliman,Sal,F,6/25/71,ssilliman5h@reverbnation.com,342-747-8361,6/25/86,office,mall
CUS1199,Naisby,Sherm,M,5/24/65,snaisby5i@eventbrite.com,946-420-4484,5/24/80,office,mall
CUS1200,Mingaud,Frasquito,M,2/18/91,fmingaud5j@ox.ac.uk,699-744-8315,2/18/06,office,mall
EMP195,Ramonda,Vowles,F,8/26/97,rvowles5e@123-reg.co.uk,690-913-8488,9/4/17,temple,hotel
EMP196,Sandy,Bragge,F,3/14/83,sbragge5f@qq.com,496-435-2929,4/2/10,hotel,airport
EMP197,Toby,Railton,M,6/17/83,trailton5g@ibm.com,975-528-1451,6/30/05,home,office
EMP198,Amelia,McGonigle,F,6/12/87,amcgonigle5h@sakura.ne.jp,242-756-7034,6/29/08,home,office
EMP199,Titos,Halliday,M,9/8/77,thalliday5i@yale.edu,202-883-0976,9/13/97,home,office
EMP200,Tonye,Rosenshine,F,11/24/74,trosenshine5j@odnoklassniki.ru,164-632-1185,12/7/00,home,office